{"eval_loss": 0.9331417083740234, "eval_accuracy": 0.6989302039146423, "eval_runtime": 29.3431, "eval_samples_per_second": 334.491, "eval_steps_per_second": 41.816}