{"eval_loss": 0.9994853734970093, "eval_accuracy": 0.6962811946868896, "eval_runtime": 25.7504, "eval_samples_per_second": 381.159, "eval_steps_per_second": 47.65}