{"eval_loss": 2.5124340057373047, "eval_accuracy": 0.29499998688697815, "eval_runtime": 14.9586, "eval_samples_per_second": 66.851, "eval_steps_per_second": 8.356}