{"eval_loss": 0.39136645197868347, "eval_accuracy": 0.8925015330314636, "eval_runtime": 24.1318, "eval_samples_per_second": 407.844, "eval_steps_per_second": 51.012}