{"eval_loss": 0.5870007872581482, "eval_accuracy": 0.8373916149139404, "eval_runtime": 19.1067, "eval_samples_per_second": 567.445, "eval_steps_per_second": 70.97}