{"eval_loss": 0.36050859093666077, "eval_accuracy": 0.8956512808799744, "eval_runtime": 26.1738, "eval_samples_per_second": 376.025, "eval_steps_per_second": 47.032}