{"eval_loss": 2.0267281532287598, "eval_accuracy": 0.40400001406669617, "eval_runtime": 9.8663, "eval_samples_per_second": 101.356, "eval_steps_per_second": 12.669}